fairland,Fairland Industrial Park,http://www.showcase.com/property/13310-13318-Old-Columbia-Pike/Silver-Spring/Maryland/7841731
fairview,Fairview Center,http://www.showcase.com/property/1003-W-7th-Street/Frederick/Maryland/132365
laytonsville,LaytonsVillage,http://www.showcase.com/property/6820-6838-Olney-Laytonsville-Road/Gaithersburg/Maryland/791276
lofstrand,Loftstrand,http://www.showcase.com/property/638-Lofstrand-Lane/Rockville/Maryland/131333
germantown medical,Germantown Medical Center,http://www.showcase.com/property/20528-Boland-Farm-Road/Germantown/Maryland/693217
musgrove,Musgrove Center,http://www.showcase.com/property/2415-Musgrove-Road/Silver-Spring/Maryland/131045
rollins ave,152 Rollins Avenue,http://www.showcase.com/property/152-Rollins-Avenue/Rockville/Maryland/130982
westmore,Westmore,http://www.showcase.com/property/7300-Westmore-Road/Rockville/Maryland/131558
wyngate,Wyngate,http://www.showcase.com/property/5602-5654-Shields-Drive/Bethesda/Maryland/131266
briar,Briar Rose,http://www.showcase.com/property/700-704-Nursery-Road/Linthicum/Maryland/133551
elkridge,Elkridge,http://www.showcase.com/property/6325-Washington-Boulevard/Elkridge/Maryland/782157
redland,Redland,http://www.showcase.com/property/17501-17533-Redland-Road/Rockville/Maryland/1506257
rollins condo,Rollins Condo,http://www.showcase.com/property/133-Rollins-Avenue/Rockville/Maryland/120702
stonestreet,Stonestreet,http://www.showcase.com/property/109-111-N-Stonestreet-Avenue/Rockville/Maryland/131769
shady grove square,Shady Grove Square HOA,
ziggy lane,Ziggy Lane,http://www.showcase.com/property/8507-8657-Ziggy-Lane/Gaithersburg/Maryland/782161